<?xml version="1.0" encoding="UTF-8"?>
<project-private xmlns="http://www.netbeans.org/ns/project-private/1">
    <editor-bookmarks xmlns="http://www.netbeans.org/ns/editor-bookmarks/2" lastBookmarkId="0"/>
    <open-files xmlns="http://www.netbeans.org/ns/projectui-open-files/2">
        <group>
            <file>file:/Z:/Transverse2/Spaceship/src/spaceship/Object_.java</file>
            <file>file:/Z:/Transverse2/Spaceship/src/spaceship/Spaceship.java</file>
            <file>file:/Z:/Transverse2/Spaceship/src/spaceship/Missile.java</file>
            <file>file:/Z:/Transverse2/Spaceship/src/spaceship/IA.java</file>
            <file>file:/Z:/Transverse2/Spaceship/src/spaceship/Ship.java</file>
        </group>
    </open-files>
</project-private>
